-- phpMyAdmin SQL Dump
-- version 5.2.1
-- https://www.phpmyadmin.net/
--
-- Servidor: 127.0.0.1
-- Tiempo de generación: 28-06-2025 a las 05:42:49
-- Versión del servidor: 10.4.32-MariaDB
-- Versión de PHP: 8.2.12

SET SQL_MODE = "NO_AUTO_VALUE_ON_ZERO";
START TRANSACTION;
SET time_zone = "+00:00";


/*!40101 SET @OLD_CHARACTER_SET_CLIENT=@@CHARACTER_SET_CLIENT */;
/*!40101 SET @OLD_CHARACTER_SET_RESULTS=@@CHARACTER_SET_RESULTS */;
/*!40101 SET @OLD_COLLATION_CONNECTION=@@COLLATION_CONNECTION */;
/*!40101 SET NAMES utf8mb4 */;

--
-- Base de datos: `bdic`
--

-- --------------------------------------------------------

--
-- Estructura de tabla para la tabla `atencion`
--

CREATE TABLE `atencion` (
  `idatencion` int(11) NOT NULL,
  `idpaciente` int(11) NOT NULL,
  `fechahora` datetime NOT NULL,
  `resultado` varchar(200) NOT NULL
) ENGINE=InnoDB DEFAULT CHARSET=utf8 COLLATE=utf8_general_ci;

--
-- Volcado de datos para la tabla `atencion`
--

INSERT INTO `atencion` (`idatencion`, `idpaciente`, `fechahora`, `resultado`) VALUES
(1, 1, '2025-06-27 05:22:43', ''),
(2, 1, '2025-06-27 05:22:48', ''),
(3, 1, '2025-06-27 05:22:51', ''),
(4, 1, '2025-06-27 05:22:54', ''),
(5, 1, '2025-06-27 05:23:18', ''),
(6, 1, '2025-06-27 05:23:19', ''),
(7, 1, '2025-06-27 05:23:20', ''),
(8, 1, '2025-06-27 05:23:20', ''),
(9, 1, '2025-06-27 05:23:34', ''),
(10, 1, '2025-06-27 05:23:34', ''),
(11, 1, '2025-06-27 05:26:41', ''),
(12, 1, '2025-06-27 05:26:41', ''),
(13, 1, '2025-06-27 05:26:42', ''),
(14, 1, '2025-06-27 05:27:15', ''),
(15, 1, '2025-06-27 05:27:18', ''),
(16, 1, '2025-06-27 05:27:26', ''),
(17, 1, '2025-06-27 05:27:56', ''),
(18, 1, '2025-06-27 05:58:13', ''),
(19, 1, '2025-06-27 05:58:14', ''),
(20, 1, '2025-06-27 05:58:17', ''),
(21, 1, '2025-06-27 05:59:48', ''),
(22, 1, '2025-06-27 05:59:49', ''),
(23, 1, '2025-06-27 05:59:53', ''),
(24, 1, '2025-06-27 05:59:54', ''),
(25, 1, '2025-06-27 05:59:59', ''),
(26, 1, '2025-06-27 06:00:00', ''),
(27, 1, '2025-06-27 06:00:02', ''),
(28, 1, '2025-06-27 06:00:15', ''),
(29, 1, '2025-06-27 06:00:17', ''),
(30, 1, '2025-06-27 06:01:03', ''),
(31, 1, '2025-06-27 06:02:44', '\"swipl\" no se reconoce como un comando interno o externo,\nprograma o archivo por lotes ejecutable.\n'),
(32, 1, '2025-06-27 06:08:27', ''),
(33, 1, '2025-06-27 06:08:35', ''),
(34, 1, '2025-06-27 06:08:42', '\"swipl\" no se reconoce como un comando interno o externo,\nprograma o archivo por lotes ejecutable.\n'),
(35, 1, '2025-06-27 06:09:03', 'ERROR: -g test([s1,s2]).: false\n'),
(36, 1, '2025-06-27 06:09:09', 'IS'),
(37, 1, '2025-06-27 06:09:34', 'Silicosis'),
(38, 1, '2025-06-27 06:09:37', 'Silicosis'),
(39, 1, '2025-06-27 06:09:42', 'Silicosis'),
(40, 1, '2025-06-27 06:09:45', 'Silicosis'),
(41, 1, '2025-06-27 06:09:48', 'Silicosis'),
(42, 1, '2025-06-27 06:09:52', 'Silicosis'),
(43, 1, '2025-06-27 06:09:56', 'Silicosis'),
(44, 1, '2025-06-27 06:10:41', 'ERROR: -g test([s22]).: false\n'),
(45, 1, '2025-06-27 06:10:45', 'ERROR: -g test([s20,s21,s22]).: false\n'),
(46, 1, '2025-06-27 06:10:48', 'Enfermedad Cronica de Montana'),
(47, 1, '2025-06-27 06:10:52', 'Enfermedad Cronica de Montana'),
(48, 1, '2025-06-27 06:10:56', 'Enfermedad Cronica de Montana'),
(49, 1, '2025-06-27 06:11:00', 'Silicosis'),
(50, 1, '2025-06-27 06:11:05', 'Enfermedad Cronica de Montana'),
(51, 1, '2025-06-27 06:11:08', 'Enfermedad Cronica de Montana'),
(52, 1, '2025-06-27 17:24:56', 'Los síntomas proporcionados no coinciden con ninguna enfermedad conocida en nuestra base de datos.\n'),
(53, 1, '2025-06-27 17:25:38', 'Tus síntomas son compatibles con la enfermedad de: Derrame Pleural Benigno\n'),
(54, 1, '2025-06-27 17:26:18', 'Los síntomas proporcionados no coinciden con ninguna enfermedad conocida en nuestra base de datos.\n'),
(55, 1, '2025-06-27 17:26:42', 'Los síntomas proporcionados no coinciden con ninguna enfermedad conocida en nuestra base de datos.\n'),
(56, 1, '2025-06-27 17:26:47', 'Los síntomas proporcionados no coinciden con ninguna enfermedad conocida en nuestra base de datos.\n'),
(57, 1, '2025-06-27 17:26:50', 'Tus síntomas son compatibles con las siguientes enfermedades: Mal Agudo de Montaña, Enfermedad Cronica de Montana\n'),
(58, 1, '2025-06-27 17:26:57', 'Los síntomas proporcionados no coinciden con ninguna enfermedad conocida en nuestra base de datos.\n'),
(59, 1, '2025-06-27 17:27:58', 'Los síntomas proporcionados no coinciden con ninguna enfermedad conocida en nuestra base de datos.\n'),
(60, 1, '2025-06-27 17:32:16', 'Los síntomas proporcionados no coinciden con ninguna enfermedad conocida en nuestra base de datos.\n'),
(61, 1, '2025-06-27 17:34:48', 'Tus síntomas son compatibles con la enfermedad de: Silicosis\n'),
(62, 1, '2025-06-27 17:37:32', 'Diagnóstico confirmado. Usted presenta: \n- Mal Agudo de Montaña (100%)\n'),
(63, 1, '2025-06-27 17:38:14', 'Diagnóstico confirmado: \n- Mal Agudo de Montaña (100%)\n\nOtras posibles enfermedades relacionadas: \n- Silicosis (67%)\n- Silicosis Aguda (75%)\n- Asma Ocupacional (67%)\n- Mesotelioma (60%)\n'),
(64, 1, '2025-06-27 17:55:15', 'Diagnóstico confirmado: \n- Derrame Pleural Benigno\n\nTambién hay relación con: \n- Derrame Pleural Benigno\n- Derrame Pleural Benigno\n- Mesotelioma\n- Enfermedad Crónica de Montaña\n- Enfermedad Crónica de'),
(65, 1, '2025-06-27 18:43:06', 'Diagnóstico confirmado: \n- Derrame Pleural Benigno\n\nTambién hay relación con: \n- Silicosis\n- Asma Ocupacional\n- Asma Ocupacional\n- Derrame Pleural Benigno\n- Derrame Pleural Benigno\n- Mesotelioma\n- Mes'),
(66, 1, '2025-06-27 18:46:53', 'Diagnóstico confirmado: \n- Derrame Pleural Benigno\n\nTambién hay relación con: \n- Silicosis\n- Silicosis\n- Silicosis Aguda\n- Silicosis Aguda\n- Silicosis Aguda\n- Asma Ocupacional\n- Asma Ocupacional\n- Der'),
(67, 1, '2025-06-27 18:47:29', 'Diagnóstico confirmado: \n- Derrame Pleural Benigno\n\nTambién hay relación con: \n- Silicosis\n- Silicosis\n- Silicosis Aguda\n- Silicosis Aguda\n- Silicosis Aguda\n- Asma Ocupacional\n- Asma Ocupacional\n- Der'),
(68, 1, '2025-06-27 18:48:00', 'Los síntomas que presentas están relacionados con: \n- Silicosis (67%)\n- Mesotelioma (60%)\n'),
(69, 1, '2025-06-27 18:48:16', 'Diagnóstico confirmado: \n- Silicosis Aguda (100%)\n- Derrame Pleural Benigno (100%)\n- Mesotelioma (100%)\n\nOtras posibles enfermedades relacionadas: \n- Silicosis (67%)\n- Asma Ocupacional (67%)\n'),
(70, 1, '2025-06-27 18:58:10', 'No se encontró ninguna enfermedad relacionada con los síntomas proporcionados.\n'),
(71, 1, '2025-06-27 18:58:15', 'Diagnóstico confirmado. Usted presenta: \n- Enfermedad Cronica de Montana (100%)\n');

-- --------------------------------------------------------

--
-- Estructura de tabla para la tabla `atencion_sintoma`
--

CREATE TABLE `atencion_sintoma` (
  `idatencionsintoma` int(11) NOT NULL,
  `idatencion` int(11) NOT NULL,
  `idsintoma` int(11) NOT NULL,
  `respuesta` char(1) NOT NULL
) ENGINE=InnoDB DEFAULT CHARSET=utf8 COLLATE=utf8_general_ci;

--
-- Volcado de datos para la tabla `atencion_sintoma`
--

INSERT INTO `atencion_sintoma` (`idatencionsintoma`, `idatencion`, `idsintoma`, `respuesta`) VALUES
(1, 1, 1, 's'),
(2, 1, 2, 'n'),
(3, 1, 3, 'n'),
(4, 1, 4, 'n'),
(5, 1, 5, 's'),
(6, 1, 6, 'n'),
(7, 1, 7, 's'),
(8, 1, 8, 'n'),
(9, 1, 9, 'n'),
(10, 1, 10, 'n'),
(11, 1, 11, 'n'),
(12, 1, 12, 'n'),
(13, 1, 13, 'n'),
(14, 1, 14, 'n'),
(15, 1, 15, 'n'),
(16, 1, 16, 's'),
(17, 1, 17, 'n'),
(18, 1, 18, 'n'),
(19, 1, 19, 'n'),
(20, 1, 20, 'n'),
(21, 1, 21, 'n'),
(22, 1, 22, 's'),
(23, 2, 1, 's'),
(24, 2, 2, 'n'),
(25, 2, 3, 'n'),
(26, 2, 4, 'n'),
(27, 2, 5, 's'),
(28, 2, 6, 'n'),
(29, 2, 7, 's'),
(30, 2, 8, 'n'),
(31, 2, 9, 'n'),
(32, 2, 10, 'n'),
(33, 2, 11, 's'),
(34, 2, 12, 'n'),
(35, 2, 13, 'n'),
(36, 2, 14, 'n'),
(37, 2, 15, 'n'),
(38, 2, 16, 'n'),
(39, 2, 17, 'n'),
(40, 2, 18, 'n'),
(41, 2, 19, 'n'),
(42, 2, 20, 'n'),
(43, 2, 21, 'n'),
(44, 2, 22, 'n'),
(45, 3, 1, 's'),
(46, 3, 2, 'n'),
(47, 3, 3, 'n'),
(48, 3, 4, 's'),
(49, 3, 5, 's'),
(50, 3, 6, 'n'),
(51, 3, 7, 's'),
(52, 3, 8, 'n'),
(53, 3, 9, 'n'),
(54, 3, 10, 'n'),
(55, 3, 11, 's'),
(56, 3, 12, 'n'),
(57, 3, 13, 'n'),
(58, 3, 14, 'n'),
(59, 3, 15, 'n'),
(60, 3, 16, 'n'),
(61, 3, 17, 'n'),
(62, 3, 18, 'n'),
(63, 3, 19, 'n'),
(64, 3, 20, 'n'),
(65, 3, 21, 'n'),
(66, 3, 22, 'n'),
(67, 4, 1, 's'),
(68, 4, 2, 'n'),
(69, 4, 3, 'n'),
(70, 4, 4, 's'),
(71, 4, 5, 's'),
(72, 4, 6, 'n'),
(73, 4, 7, 's'),
(74, 4, 8, 'n'),
(75, 4, 9, 'n'),
(76, 4, 10, 'n'),
(77, 4, 11, 's'),
(78, 4, 12, 'n'),
(79, 4, 13, 'n'),
(80, 4, 14, 'n'),
(81, 4, 15, 'n'),
(82, 4, 16, 'n'),
(83, 4, 17, 'n'),
(84, 4, 18, 'n'),
(85, 4, 19, 'n'),
(86, 4, 20, 'n'),
(87, 4, 21, 'n'),
(88, 4, 22, 'n'),
(89, 5, 1, 's'),
(90, 5, 2, 's'),
(91, 5, 3, 's'),
(92, 5, 4, 'n'),
(93, 5, 5, 'n'),
(94, 5, 6, 'n'),
(95, 5, 7, 'n'),
(96, 5, 8, 'n'),
(97, 5, 9, 'n'),
(98, 5, 10, 'n'),
(99, 5, 11, 'n'),
(100, 5, 12, 'n'),
(101, 5, 13, 'n'),
(102, 5, 14, 'n'),
(103, 5, 15, 'n'),
(104, 5, 16, 'n'),
(105, 5, 17, 'n'),
(106, 5, 18, 'n'),
(107, 5, 19, 'n'),
(108, 5, 20, 'n'),
(109, 5, 21, 'n'),
(110, 5, 22, 'n'),
(111, 6, 1, 's'),
(112, 6, 2, 's'),
(113, 6, 3, 's'),
(114, 6, 4, 'n'),
(115, 6, 5, 'n'),
(116, 6, 6, 'n'),
(117, 6, 7, 'n'),
(118, 6, 8, 'n'),
(119, 6, 9, 'n'),
(120, 6, 10, 'n'),
(121, 6, 11, 'n'),
(122, 6, 12, 'n'),
(123, 6, 13, 'n'),
(124, 6, 14, 'n'),
(125, 6, 15, 'n'),
(126, 6, 16, 'n'),
(127, 6, 17, 'n'),
(128, 6, 18, 'n'),
(129, 6, 19, 'n'),
(130, 6, 20, 'n'),
(131, 6, 21, 'n'),
(132, 6, 22, 'n'),
(133, 7, 1, 's'),
(134, 7, 2, 's'),
(135, 7, 3, 's'),
(136, 7, 4, 'n'),
(137, 7, 5, 'n'),
(138, 7, 6, 'n'),
(139, 7, 7, 'n'),
(140, 7, 8, 'n'),
(141, 7, 9, 'n'),
(142, 7, 10, 'n'),
(143, 7, 11, 'n'),
(144, 7, 12, 'n'),
(145, 7, 13, 'n'),
(146, 7, 14, 'n'),
(147, 7, 15, 'n'),
(148, 7, 16, 'n'),
(149, 7, 17, 'n'),
(150, 7, 18, 'n'),
(151, 7, 19, 'n'),
(152, 7, 20, 'n'),
(153, 7, 21, 'n'),
(154, 7, 22, 'n'),
(155, 8, 1, 's'),
(156, 8, 2, 's'),
(157, 8, 3, 's'),
(158, 8, 4, 'n'),
(159, 8, 5, 'n'),
(160, 8, 6, 'n'),
(161, 8, 7, 'n'),
(162, 8, 8, 'n'),
(163, 8, 9, 'n'),
(164, 8, 10, 'n'),
(165, 8, 11, 'n'),
(166, 8, 12, 'n'),
(167, 8, 13, 'n'),
(168, 8, 14, 'n'),
(169, 8, 15, 'n'),
(170, 8, 16, 'n'),
(171, 8, 17, 'n'),
(172, 8, 18, 'n'),
(173, 8, 19, 'n'),
(174, 8, 20, 'n'),
(175, 8, 21, 'n'),
(176, 8, 22, 'n'),
(177, 9, 1, 's'),
(178, 9, 2, 's'),
(179, 9, 3, 's'),
(180, 9, 4, 'n'),
(181, 9, 5, 'n'),
(182, 9, 6, 'n'),
(183, 9, 7, 'n'),
(184, 9, 8, 'n'),
(185, 9, 9, 'n'),
(186, 9, 10, 'n'),
(187, 9, 11, 'n'),
(188, 9, 12, 'n'),
(189, 9, 13, 'n'),
(190, 9, 14, 'n'),
(191, 9, 15, 'n'),
(192, 9, 16, 'n'),
(193, 9, 17, 'n'),
(194, 9, 18, 'n'),
(195, 9, 19, 'n'),
(196, 9, 20, 'n'),
(197, 9, 21, 'n'),
(198, 9, 22, 'n'),
(199, 10, 1, 's'),
(200, 10, 2, 's'),
(201, 10, 3, 's'),
(202, 10, 4, 'n'),
(203, 10, 5, 'n'),
(204, 10, 6, 'n'),
(205, 10, 7, 'n'),
(206, 10, 8, 'n'),
(207, 10, 9, 'n'),
(208, 10, 10, 'n'),
(209, 10, 11, 'n'),
(210, 10, 12, 'n'),
(211, 10, 13, 'n'),
(212, 10, 14, 'n'),
(213, 10, 15, 'n'),
(214, 10, 16, 'n'),
(215, 10, 17, 'n'),
(216, 10, 18, 'n'),
(217, 10, 19, 'n'),
(218, 10, 20, 'n'),
(219, 10, 21, 'n'),
(220, 10, 22, 'n'),
(221, 11, 1, 's'),
(222, 11, 2, 'n'),
(223, 11, 3, 's'),
(224, 11, 4, 'n'),
(225, 11, 5, 'n'),
(226, 11, 6, 'n'),
(227, 11, 7, 'n'),
(228, 11, 8, 'n'),
(229, 11, 9, 'n'),
(230, 11, 10, 'n'),
(231, 11, 11, 'n'),
(232, 11, 12, 'n'),
(233, 11, 13, 'n'),
(234, 11, 14, 'n'),
(235, 11, 15, 'n'),
(236, 11, 16, 'n'),
(237, 11, 17, 'n'),
(238, 11, 18, 'n'),
(239, 11, 19, 'n'),
(240, 11, 20, 'n'),
(241, 11, 21, 'n'),
(242, 11, 22, 'n'),
(243, 12, 1, 's'),
(244, 12, 2, 'n'),
(245, 12, 3, 's'),
(246, 12, 4, 'n'),
(247, 12, 5, 'n'),
(248, 12, 6, 'n'),
(249, 12, 7, 'n'),
(250, 12, 8, 'n'),
(251, 12, 9, 'n'),
(252, 12, 10, 'n'),
(253, 12, 11, 'n'),
(254, 12, 12, 'n'),
(255, 12, 13, 'n'),
(256, 12, 14, 'n'),
(257, 12, 15, 'n'),
(258, 12, 16, 'n'),
(259, 12, 17, 'n'),
(260, 12, 18, 'n'),
(261, 12, 19, 'n'),
(262, 12, 20, 'n'),
(263, 12, 21, 'n'),
(264, 12, 22, 'n'),
(265, 13, 1, 's'),
(266, 13, 2, 'n'),
(267, 13, 3, 's'),
(268, 13, 4, 'n'),
(269, 13, 5, 'n'),
(270, 13, 6, 'n'),
(271, 13, 7, 'n'),
(272, 13, 8, 'n'),
(273, 13, 9, 'n'),
(274, 13, 10, 'n'),
(275, 13, 11, 'n'),
(276, 13, 12, 'n'),
(277, 13, 13, 'n'),
(278, 13, 14, 'n'),
(279, 13, 15, 'n'),
(280, 13, 16, 'n'),
(281, 13, 17, 'n'),
(282, 13, 18, 'n'),
(283, 13, 19, 'n'),
(284, 13, 20, 'n'),
(285, 13, 21, 'n'),
(286, 13, 22, 'n'),
(287, 14, 1, 'n'),
(288, 14, 2, 'n'),
(289, 14, 3, 'n'),
(290, 14, 4, 'n'),
(291, 14, 5, 'n'),
(292, 14, 6, 'n'),
(293, 14, 7, 'n'),
(294, 14, 8, 'n'),
(295, 14, 9, 'n'),
(296, 14, 10, 'n'),
(297, 14, 11, 'n'),
(298, 14, 12, 'n'),
(299, 14, 13, 'n'),
(300, 14, 14, 'n'),
(301, 14, 15, 'n'),
(302, 14, 16, 'n'),
(303, 14, 17, 's'),
(304, 14, 18, 'n'),
(305, 14, 19, 'n'),
(306, 14, 20, 'n'),
(307, 14, 21, 'n'),
(308, 14, 22, 'n'),
(309, 15, 1, 'n'),
(310, 15, 2, 'n'),
(311, 15, 3, 'n'),
(312, 15, 4, 'n'),
(313, 15, 5, 'n'),
(314, 15, 6, 'n'),
(315, 15, 7, 'n'),
(316, 15, 8, 'n'),
(317, 15, 9, 'n'),
(318, 15, 10, 'n'),
(319, 15, 11, 'n'),
(320, 15, 12, 'n'),
(321, 15, 13, 'n'),
(322, 15, 14, 'n'),
(323, 15, 15, 'n'),
(324, 15, 16, 'n'),
(325, 15, 17, 's'),
(326, 15, 18, 'n'),
(327, 15, 19, 'n'),
(328, 15, 20, 'n'),
(329, 15, 21, 'n'),
(330, 15, 22, 'n'),
(331, 16, 1, 's'),
(332, 16, 2, 's'),
(333, 16, 3, 's'),
(334, 16, 4, 'n'),
(335, 16, 5, 'n'),
(336, 16, 6, 'n'),
(337, 16, 7, 'n'),
(338, 16, 8, 'n'),
(339, 16, 9, 'n'),
(340, 16, 10, 'n'),
(341, 16, 11, 'n'),
(342, 16, 12, 'n'),
(343, 16, 13, 'n'),
(344, 16, 14, 'n'),
(345, 16, 15, 'n'),
(346, 16, 16, 'n'),
(347, 16, 17, 's'),
(348, 16, 18, 'n'),
(349, 16, 19, 'n'),
(350, 16, 20, 'n'),
(351, 16, 21, 'n'),
(352, 16, 22, 'n'),
(353, 17, 1, 's'),
(354, 17, 2, 's'),
(355, 17, 3, 'n'),
(356, 17, 4, 's'),
(357, 17, 5, 'n'),
(358, 17, 6, 's'),
(359, 17, 7, 'n'),
(360, 17, 8, 'n'),
(361, 17, 9, 'n'),
(362, 17, 10, 'n'),
(363, 17, 11, 'n'),
(364, 17, 12, 'n'),
(365, 17, 13, 'n'),
(366, 17, 14, 'n'),
(367, 17, 15, 'n'),
(368, 17, 16, 'n'),
(369, 17, 17, 'n'),
(370, 17, 18, 'n'),
(371, 17, 19, 'n'),
(372, 17, 20, 'n'),
(373, 17, 21, 'n'),
(374, 17, 22, 'n'),
(375, 18, 1, 's'),
(376, 18, 2, 's'),
(377, 18, 3, 'n'),
(378, 18, 4, 's'),
(379, 18, 5, 'n'),
(380, 18, 6, 's'),
(381, 18, 7, 'n'),
(382, 18, 8, 'n'),
(383, 18, 9, 'n'),
(384, 18, 10, 'n'),
(385, 18, 11, 'n'),
(386, 18, 12, 'n'),
(387, 18, 13, 'n'),
(388, 18, 14, 'n'),
(389, 18, 15, 'n'),
(390, 18, 16, 'n'),
(391, 18, 17, 'n'),
(392, 18, 18, 'n'),
(393, 18, 19, 'n'),
(394, 18, 20, 'n'),
(395, 18, 21, 'n'),
(396, 18, 22, 'n'),
(397, 19, 1, 's'),
(398, 19, 2, 's'),
(399, 19, 3, 'n'),
(400, 19, 4, 's'),
(401, 19, 5, 'n'),
(402, 19, 6, 's'),
(403, 19, 7, 'n'),
(404, 19, 8, 'n'),
(405, 19, 9, 'n'),
(406, 19, 10, 'n'),
(407, 19, 11, 'n'),
(408, 19, 12, 'n'),
(409, 19, 13, 'n'),
(410, 19, 14, 'n'),
(411, 19, 15, 'n'),
(412, 19, 16, 'n'),
(413, 19, 17, 'n'),
(414, 19, 18, 'n'),
(415, 19, 19, 'n'),
(416, 19, 20, 'n'),
(417, 19, 21, 'n'),
(418, 19, 22, 'n'),
(419, 20, 1, 's'),
(420, 20, 2, 's'),
(421, 20, 3, 'n'),
(422, 20, 4, 's'),
(423, 20, 5, 'n'),
(424, 20, 6, 's'),
(425, 20, 7, 'n'),
(426, 20, 8, 'n'),
(427, 20, 9, 'n'),
(428, 20, 10, 'n'),
(429, 20, 11, 'n'),
(430, 20, 12, 'n'),
(431, 20, 13, 'n'),
(432, 20, 14, 'n'),
(433, 20, 15, 'n'),
(434, 20, 16, 'n'),
(435, 20, 17, 'n'),
(436, 20, 18, 'n'),
(437, 20, 19, 'n'),
(438, 20, 20, 'n'),
(439, 20, 21, 'n'),
(440, 20, 22, 'n'),
(441, 21, 1, 's'),
(442, 21, 2, 's'),
(443, 21, 3, 'n'),
(444, 21, 4, 's'),
(445, 21, 5, 'n'),
(446, 21, 6, 's'),
(447, 21, 7, 'n'),
(448, 21, 8, 'n'),
(449, 21, 9, 'n'),
(450, 21, 10, 'n'),
(451, 21, 11, 'n'),
(452, 21, 12, 'n'),
(453, 21, 13, 'n'),
(454, 21, 14, 'n'),
(455, 21, 15, 'n'),
(456, 21, 16, 'n'),
(457, 21, 17, 'n'),
(458, 21, 18, 'n'),
(459, 21, 19, 'n'),
(460, 21, 20, 'n'),
(461, 21, 21, 'n'),
(462, 21, 22, 'n'),
(463, 22, 1, 's'),
(464, 22, 2, 's'),
(465, 22, 3, 'n'),
(466, 22, 4, 's'),
(467, 22, 5, 'n'),
(468, 22, 6, 's'),
(469, 22, 7, 'n'),
(470, 22, 8, 'n'),
(471, 22, 9, 'n'),
(472, 22, 10, 'n'),
(473, 22, 11, 'n'),
(474, 22, 12, 'n'),
(475, 22, 13, 'n'),
(476, 22, 14, 'n'),
(477, 22, 15, 'n'),
(478, 22, 16, 'n'),
(479, 22, 17, 'n'),
(480, 22, 18, 'n'),
(481, 22, 19, 'n'),
(482, 22, 20, 'n'),
(483, 22, 21, 'n'),
(484, 22, 22, 'n'),
(485, 23, 1, 's'),
(486, 23, 2, 's'),
(487, 23, 3, 's'),
(488, 23, 4, 's'),
(489, 23, 5, 'n'),
(490, 23, 6, 'n'),
(491, 23, 7, 'n'),
(492, 23, 8, 'n'),
(493, 23, 9, 'n'),
(494, 23, 10, 'n'),
(495, 23, 11, 'n'),
(496, 23, 12, 'n'),
(497, 23, 13, 'n'),
(498, 23, 14, 'n'),
(499, 23, 15, 'n'),
(500, 23, 16, 'n'),
(501, 23, 17, 'n'),
(502, 23, 18, 'n'),
(503, 23, 19, 'n'),
(504, 23, 20, 'n'),
(505, 23, 21, 'n'),
(506, 23, 22, 'n'),
(507, 24, 1, 's'),
(508, 24, 2, 's'),
(509, 24, 3, 's'),
(510, 24, 4, 's'),
(511, 24, 5, 'n'),
(512, 24, 6, 'n'),
(513, 24, 7, 'n'),
(514, 24, 8, 'n'),
(515, 24, 9, 'n'),
(516, 24, 10, 'n'),
(517, 24, 11, 'n'),
(518, 24, 12, 'n'),
(519, 24, 13, 'n'),
(520, 24, 14, 'n'),
(521, 24, 15, 'n'),
(522, 24, 16, 'n'),
(523, 24, 17, 'n'),
(524, 24, 18, 'n'),
(525, 24, 19, 'n'),
(526, 24, 20, 'n'),
(527, 24, 21, 'n'),
(528, 24, 22, 'n'),
(529, 25, 1, 's'),
(530, 25, 2, 's'),
(531, 25, 3, 'n'),
(532, 25, 4, 'n'),
(533, 25, 5, 'n'),
(534, 25, 6, 'n'),
(535, 25, 7, 'n'),
(536, 25, 8, 'n'),
(537, 25, 9, 'n'),
(538, 25, 10, 'n'),
(539, 25, 11, 'n'),
(540, 25, 12, 'n'),
(541, 25, 13, 'n'),
(542, 25, 14, 'n'),
(543, 25, 15, 'n'),
(544, 25, 16, 'n'),
(545, 25, 17, 'n'),
(546, 25, 18, 'n'),
(547, 25, 19, 'n'),
(548, 25, 20, 'n'),
(549, 25, 21, 'n'),
(550, 25, 22, 'n'),
(551, 26, 1, 's'),
(552, 26, 2, 's'),
(553, 26, 3, 'n'),
(554, 26, 4, 'n'),
(555, 26, 5, 'n'),
(556, 26, 6, 'n'),
(557, 26, 7, 'n'),
(558, 26, 8, 'n'),
(559, 26, 9, 'n'),
(560, 26, 10, 'n'),
(561, 26, 11, 'n'),
(562, 26, 12, 'n'),
(563, 26, 13, 'n'),
(564, 26, 14, 'n'),
(565, 26, 15, 'n'),
(566, 26, 16, 'n'),
(567, 26, 17, 'n'),
(568, 26, 18, 'n'),
(569, 26, 19, 'n'),
(570, 26, 20, 'n'),
(571, 26, 21, 'n'),
(572, 26, 22, 'n'),
(573, 27, 1, 's'),
(574, 27, 2, 'n'),
(575, 27, 3, 'n'),
(576, 27, 4, 'n'),
(577, 27, 5, 'n'),
(578, 27, 6, 'n'),
(579, 27, 7, 'n'),
(580, 27, 8, 'n'),
(581, 27, 9, 'n'),
(582, 27, 10, 'n'),
(583, 27, 11, 'n'),
(584, 27, 12, 'n'),
(585, 27, 13, 'n'),
(586, 27, 14, 'n'),
(587, 27, 15, 'n'),
(588, 27, 16, 'n'),
(589, 27, 17, 'n'),
(590, 27, 18, 'n'),
(591, 27, 19, 'n'),
(592, 27, 20, 'n'),
(593, 27, 21, 'n'),
(594, 27, 22, 'n'),
(595, 28, 1, 's'),
(596, 28, 2, 's'),
(597, 28, 3, 'n'),
(598, 28, 4, 'n'),
(599, 28, 5, 'n'),
(600, 28, 6, 'n'),
(601, 28, 7, 'n'),
(602, 28, 8, 'n'),
(603, 28, 9, 'n'),
(604, 28, 10, 'n'),
(605, 28, 11, 'n'),
(606, 28, 12, 'n'),
(607, 28, 13, 'n'),
(608, 28, 14, 'n'),
(609, 28, 15, 'n'),
(610, 28, 16, 'n'),
(611, 28, 17, 'n'),
(612, 28, 18, 'n'),
(613, 28, 19, 'n'),
(614, 28, 20, 'n'),
(615, 28, 21, 'n'),
(616, 28, 22, 'n'),
(617, 29, 1, 's'),
(618, 29, 2, 's'),
(619, 29, 3, 'n'),
(620, 29, 4, 'n'),
(621, 29, 5, 'n'),
(622, 29, 6, 'n'),
(623, 29, 7, 'n'),
(624, 29, 8, 'n'),
(625, 29, 9, 'n'),
(626, 29, 10, 'n'),
(627, 29, 11, 'n'),
(628, 29, 12, 'n'),
(629, 29, 13, 'n'),
(630, 29, 14, 'n'),
(631, 29, 15, 'n'),
(632, 29, 16, 'n'),
(633, 29, 17, 'n'),
(634, 29, 18, 'n'),
(635, 29, 19, 'n'),
(636, 29, 20, 'n'),
(637, 29, 21, 'n'),
(638, 29, 22, 'n'),
(639, 30, 1, 's'),
(640, 30, 2, 's'),
(641, 30, 3, 's'),
(642, 30, 4, 'n'),
(643, 30, 5, 'n'),
(644, 30, 6, 'n'),
(645, 30, 7, 'n'),
(646, 30, 8, 'n'),
(647, 30, 9, 'n'),
(648, 30, 10, 'n'),
(649, 30, 11, 'n'),
(650, 30, 12, 'n'),
(651, 30, 13, 'n'),
(652, 30, 14, 'n'),
(653, 30, 15, 'n'),
(654, 30, 16, 'n'),
(655, 30, 17, 'n'),
(656, 30, 18, 'n'),
(657, 30, 19, 'n'),
(658, 30, 20, 'n'),
(659, 30, 21, 'n'),
(660, 30, 22, 'n'),
(661, 31, 1, 's'),
(662, 31, 2, 's'),
(663, 31, 3, 's'),
(664, 31, 4, 'n'),
(665, 31, 5, 'n'),
(666, 31, 6, 'n'),
(667, 31, 7, 'n'),
(668, 31, 8, 'n'),
(669, 31, 9, 'n'),
(670, 31, 10, 'n'),
(671, 31, 11, 'n'),
(672, 31, 12, 'n'),
(673, 31, 13, 'n'),
(674, 31, 14, 'n'),
(675, 31, 15, 'n'),
(676, 31, 16, 'n'),
(677, 31, 17, 'n'),
(678, 31, 18, 'n'),
(679, 31, 19, 'n'),
(680, 31, 20, 'n'),
(681, 31, 21, 'n'),
(682, 31, 22, 'n'),
(683, 32, 1, 's'),
(684, 32, 2, 's'),
(685, 32, 3, 's'),
(686, 32, 4, 'n'),
(687, 32, 5, 'n'),
(688, 32, 6, 'n'),
(689, 32, 7, 'n'),
(690, 32, 8, 'n'),
(691, 32, 9, 'n'),
(692, 32, 10, 'n'),
(693, 32, 11, 'n'),
(694, 32, 12, 'n'),
(695, 32, 13, 'n'),
(696, 32, 14, 'n'),
(697, 32, 15, 'n'),
(698, 32, 16, 'n'),
(699, 32, 17, 'n'),
(700, 32, 18, 'n'),
(701, 32, 19, 'n'),
(702, 32, 20, 'n'),
(703, 32, 21, 'n'),
(704, 32, 22, 'n'),
(705, 33, 1, 's'),
(706, 33, 2, 's'),
(707, 33, 3, 'n'),
(708, 33, 4, 'n'),
(709, 33, 5, 'n'),
(710, 33, 6, 'n'),
(711, 33, 7, 'n'),
(712, 33, 8, 'n'),
(713, 33, 9, 'n'),
(714, 33, 10, 'n'),
(715, 33, 11, 'n'),
(716, 33, 12, 'n'),
(717, 33, 13, 'n'),
(718, 33, 14, 'n'),
(719, 33, 15, 'n'),
(720, 33, 16, 'n'),
(721, 33, 17, 'n'),
(722, 33, 18, 'n'),
(723, 33, 19, 'n'),
(724, 33, 20, 'n'),
(725, 33, 21, 'n'),
(726, 33, 22, 'n'),
(727, 34, 1, 's'),
(728, 34, 2, 's'),
(729, 34, 3, 'n'),
(730, 34, 4, 'n'),
(731, 34, 5, 'n'),
(732, 34, 6, 'n'),
(733, 34, 7, 'n'),
(734, 34, 8, 'n'),
(735, 34, 9, 'n'),
(736, 34, 10, 'n'),
(737, 34, 11, 'n'),
(738, 34, 12, 'n'),
(739, 34, 13, 'n'),
(740, 34, 14, 'n'),
(741, 34, 15, 'n'),
(742, 34, 16, 'n'),
(743, 34, 17, 'n'),
(744, 34, 18, 'n'),
(745, 34, 19, 'n'),
(746, 34, 20, 'n'),
(747, 34, 21, 'n'),
(748, 34, 22, 'n'),
(749, 35, 1, 's'),
(750, 35, 2, 's'),
(751, 35, 3, 'n'),
(752, 35, 4, 'n'),
(753, 35, 5, 'n'),
(754, 35, 6, 'n'),
(755, 35, 7, 'n'),
(756, 35, 8, 'n'),
(757, 35, 9, 'n'),
(758, 35, 10, 'n'),
(759, 35, 11, 'n'),
(760, 35, 12, 'n'),
(761, 35, 13, 'n'),
(762, 35, 14, 'n'),
(763, 35, 15, 'n'),
(764, 35, 16, 'n'),
(765, 35, 17, 'n'),
(766, 35, 18, 'n'),
(767, 35, 19, 'n'),
(768, 35, 20, 'n'),
(769, 35, 21, 'n'),
(770, 35, 22, 'n'),
(771, 36, 1, 's'),
(772, 36, 2, 's'),
(773, 36, 3, 's'),
(774, 36, 4, 'n'),
(775, 36, 5, 'n'),
(776, 36, 6, 'n'),
(777, 36, 7, 'n'),
(778, 36, 8, 'n'),
(779, 36, 9, 'n'),
(780, 36, 10, 'n'),
(781, 36, 11, 'n'),
(782, 36, 12, 'n'),
(783, 36, 13, 'n'),
(784, 36, 14, 'n'),
(785, 36, 15, 'n'),
(786, 36, 16, 'n'),
(787, 36, 17, 'n'),
(788, 36, 18, 'n'),
(789, 36, 19, 'n'),
(790, 36, 20, 'n'),
(791, 36, 21, 'n'),
(792, 36, 22, 'n'),
(793, 37, 1, 's'),
(794, 37, 2, 's'),
(795, 37, 3, 's'),
(796, 37, 4, 'n'),
(797, 37, 5, 'n'),
(798, 37, 6, 'n'),
(799, 37, 7, 'n'),
(800, 37, 8, 'n'),
(801, 37, 9, 'n'),
(802, 37, 10, 'n'),
(803, 37, 11, 'n'),
(804, 37, 12, 'n'),
(805, 37, 13, 'n'),
(806, 37, 14, 'n'),
(807, 37, 15, 'n'),
(808, 37, 16, 'n'),
(809, 37, 17, 'n'),
(810, 37, 18, 'n'),
(811, 37, 19, 'n'),
(812, 37, 20, 'n'),
(813, 37, 21, 'n'),
(814, 37, 22, 'n'),
(815, 38, 1, 's'),
(816, 38, 2, 's'),
(817, 38, 3, 's'),
(818, 38, 4, 'n'),
(819, 38, 5, 'n'),
(820, 38, 6, 's'),
(821, 38, 7, 's'),
(822, 38, 8, 'n'),
(823, 38, 9, 'n'),
(824, 38, 10, 'n'),
(825, 38, 11, 'n'),
(826, 38, 12, 'n'),
(827, 38, 13, 'n'),
(828, 38, 14, 'n'),
(829, 38, 15, 'n'),
(830, 38, 16, 'n'),
(831, 38, 17, 'n'),
(832, 38, 18, 'n'),
(833, 38, 19, 'n'),
(834, 38, 20, 'n'),
(835, 38, 21, 'n'),
(836, 38, 22, 'n'),
(837, 39, 1, 's'),
(838, 39, 2, 's'),
(839, 39, 3, 's'),
(840, 39, 4, 'n'),
(841, 39, 5, 'n'),
(842, 39, 6, 's'),
(843, 39, 7, 's'),
(844, 39, 8, 'n'),
(845, 39, 9, 'n'),
(846, 39, 10, 'n'),
(847, 39, 11, 'n'),
(848, 39, 12, 'n'),
(849, 39, 13, 'n'),
(850, 39, 14, 's'),
(851, 39, 15, 's'),
(852, 39, 16, 's'),
(853, 39, 17, 'n'),
(854, 39, 18, 'n'),
(855, 39, 19, 'n'),
(856, 39, 20, 'n'),
(857, 39, 21, 'n'),
(858, 39, 22, 'n'),
(859, 40, 1, 's'),
(860, 40, 2, 's'),
(861, 40, 3, 's'),
(862, 40, 4, 'n'),
(863, 40, 5, 'n'),
(864, 40, 6, 's'),
(865, 40, 7, 's'),
(866, 40, 8, 'n'),
(867, 40, 9, 'n'),
(868, 40, 10, 'n'),
(869, 40, 11, 'n'),
(870, 40, 12, 'n'),
(871, 40, 13, 'n'),
(872, 40, 14, 's'),
(873, 40, 15, 's'),
(874, 40, 16, 's'),
(875, 40, 17, 'n'),
(876, 40, 18, 'n'),
(877, 40, 19, 's'),
(878, 40, 20, 's'),
(879, 40, 21, 's'),
(880, 40, 22, 's'),
(881, 41, 1, 's'),
(882, 41, 2, 's'),
(883, 41, 3, 's'),
(884, 41, 4, 'n'),
(885, 41, 5, 'n'),
(886, 41, 6, 's'),
(887, 41, 7, 's'),
(888, 41, 8, 'n'),
(889, 41, 9, 'n'),
(890, 41, 10, 'n'),
(891, 41, 11, 'n'),
(892, 41, 12, 'n'),
(893, 41, 13, 's'),
(894, 41, 14, 's'),
(895, 41, 15, 's'),
(896, 41, 16, 's'),
(897, 41, 17, 's'),
(898, 41, 18, 's'),
(899, 41, 19, 's'),
(900, 41, 20, 's'),
(901, 41, 21, 's'),
(902, 41, 22, 's'),
(903, 42, 1, 's'),
(904, 42, 2, 's'),
(905, 42, 3, 's'),
(906, 42, 4, 'n'),
(907, 42, 5, 'n'),
(908, 42, 6, 's'),
(909, 42, 7, 's'),
(910, 42, 8, 's'),
(911, 42, 9, 's'),
(912, 42, 10, 's'),
(913, 42, 11, 's'),
(914, 42, 12, 's'),
(915, 42, 13, 's'),
(916, 42, 14, 's'),
(917, 42, 15, 's'),
(918, 42, 16, 's'),
(919, 42, 17, 's'),
(920, 42, 18, 's'),
(921, 42, 19, 's'),
(922, 42, 20, 's'),
(923, 42, 21, 's'),
(924, 42, 22, 's'),
(925, 43, 1, 's'),
(926, 43, 2, 's'),
(927, 43, 3, 's'),
(928, 43, 4, 's'),
(929, 43, 5, 's'),
(930, 43, 6, 's'),
(931, 43, 7, 's'),
(932, 43, 8, 's'),
(933, 43, 9, 's'),
(934, 43, 10, 's'),
(935, 43, 11, 's'),
(936, 43, 12, 's'),
(937, 43, 13, 's'),
(938, 43, 14, 's'),
(939, 43, 15, 's'),
(940, 43, 16, 's'),
(941, 43, 17, 's'),
(942, 43, 18, 's'),
(943, 43, 19, 's'),
(944, 43, 20, 's'),
(945, 43, 21, 's'),
(946, 43, 22, 's'),
(947, 44, 1, 'n'),
(948, 44, 2, 'n'),
(949, 44, 3, 'n'),
(950, 44, 4, 'n'),
(951, 44, 5, 'n'),
(952, 44, 6, 'n'),
(953, 44, 7, 'n'),
(954, 44, 8, 'n'),
(955, 44, 9, 'n'),
(956, 44, 10, 'n'),
(957, 44, 11, 'n'),
(958, 44, 12, 'n'),
(959, 44, 13, 'n'),
(960, 44, 14, 'n'),
(961, 44, 15, 'n'),
(962, 44, 16, 'n'),
(963, 44, 17, 'n'),
(964, 44, 18, 'n'),
(965, 44, 19, 'n'),
(966, 44, 20, 'n'),
(967, 44, 21, 'n'),
(968, 44, 22, 's'),
(969, 45, 1, 'n'),
(970, 45, 2, 'n'),
(971, 45, 3, 'n'),
(972, 45, 4, 'n'),
(973, 45, 5, 'n'),
(974, 45, 6, 'n'),
(975, 45, 7, 'n'),
(976, 45, 8, 'n'),
(977, 45, 9, 'n'),
(978, 45, 10, 'n'),
(979, 45, 11, 'n'),
(980, 45, 12, 'n'),
(981, 45, 13, 'n'),
(982, 45, 14, 'n'),
(983, 45, 15, 'n'),
(984, 45, 16, 'n'),
(985, 45, 17, 'n'),
(986, 45, 18, 'n'),
(987, 45, 19, 'n'),
(988, 45, 20, 's'),
(989, 45, 21, 's'),
(990, 45, 22, 's'),
(991, 46, 1, 'n'),
(992, 46, 2, 'n'),
(993, 46, 3, 'n'),
(994, 46, 4, 'n'),
(995, 46, 5, 'n'),
(996, 46, 6, 'n'),
(997, 46, 7, 'n'),
(998, 46, 8, 'n'),
(999, 46, 9, 'n'),
(1000, 46, 10, 'n'),
(1001, 46, 11, 'n'),
(1002, 46, 12, 'n'),
(1003, 46, 13, 'n'),
(1004, 46, 14, 'n'),
(1005, 46, 15, 'n'),
(1006, 46, 16, 'n'),
(1007, 46, 17, 'n'),
(1008, 46, 18, 's'),
(1009, 46, 19, 's'),
(1010, 46, 20, 's'),
(1011, 46, 21, 's'),
(1012, 46, 22, 's'),
(1013, 47, 1, 'n'),
(1014, 47, 2, 'n'),
(1015, 47, 3, 's'),
(1016, 47, 4, 'n'),
(1017, 47, 5, 'n'),
(1018, 47, 6, 'n'),
(1019, 47, 7, 'n'),
(1020, 47, 8, 'n'),
(1021, 47, 9, 'n'),
(1022, 47, 10, 'n'),
(1023, 47, 11, 'n'),
(1024, 47, 12, 'n'),
(1025, 47, 13, 'n'),
(1026, 47, 14, 'n'),
(1027, 47, 15, 'n'),
(1028, 47, 16, 'n'),
(1029, 47, 17, 'n'),
(1030, 47, 18, 's'),
(1031, 47, 19, 's'),
(1032, 47, 20, 's'),
(1033, 47, 21, 's'),
(1034, 47, 22, 's'),
(1035, 48, 1, 'n'),
(1036, 48, 2, 'n'),
(1037, 48, 3, 's'),
(1038, 48, 4, 'n'),
(1039, 48, 5, 'n'),
(1040, 48, 6, 'n'),
(1041, 48, 7, 'n'),
(1042, 48, 8, 's'),
(1043, 48, 9, 's'),
(1044, 48, 10, 's'),
(1045, 48, 11, 'n'),
(1046, 48, 12, 'n'),
(1047, 48, 13, 'n'),
(1048, 48, 14, 'n'),
(1049, 48, 15, 'n'),
(1050, 48, 16, 'n'),
(1051, 48, 17, 'n'),
(1052, 48, 18, 's'),
(1053, 48, 19, 's'),
(1054, 48, 20, 's'),
(1055, 48, 21, 's'),
(1056, 48, 22, 's'),
(1057, 49, 1, 's'),
(1058, 49, 2, 's'),
(1059, 49, 3, 's'),
(1060, 49, 4, 'n'),
(1061, 49, 5, 'n'),
(1062, 49, 6, 'n'),
(1063, 49, 7, 'n'),
(1064, 49, 8, 's'),
(1065, 49, 9, 's'),
(1066, 49, 10, 's'),
(1067, 49, 11, 'n'),
(1068, 49, 12, 'n'),
(1069, 49, 13, 'n'),
(1070, 49, 14, 'n'),
(1071, 49, 15, 'n'),
(1072, 49, 16, 'n'),
(1073, 49, 17, 'n'),
(1074, 49, 18, 's'),
(1075, 49, 19, 's'),
(1076, 49, 20, 's'),
(1077, 49, 21, 's'),
(1078, 49, 22, 's'),
(1079, 50, 1, 'n'),
(1080, 50, 2, 's'),
(1081, 50, 3, 's'),
(1082, 50, 4, 'n'),
(1083, 50, 5, 'n'),
(1084, 50, 6, 'n'),
(1085, 50, 7, 'n'),
(1086, 50, 8, 's'),
(1087, 50, 9, 's'),
(1088, 50, 10, 's'),
(1089, 50, 11, 'n'),
(1090, 50, 12, 'n'),
(1091, 50, 13, 'n'),
(1092, 50, 14, 'n'),
(1093, 50, 15, 'n'),
(1094, 50, 16, 'n'),
(1095, 50, 17, 'n'),
(1096, 50, 18, 's'),
(1097, 50, 19, 's'),
(1098, 50, 20, 's'),
(1099, 50, 21, 's'),
(1100, 50, 22, 's'),
(1101, 51, 1, 'n'),
(1102, 51, 2, 's'),
(1103, 51, 3, 's'),
(1104, 51, 4, 'n'),
(1105, 51, 5, 'n'),
(1106, 51, 6, 'n'),
(1107, 51, 7, 'n'),
(1108, 51, 8, 's'),
(1109, 51, 9, 's'),
(1110, 51, 10, 's'),
(1111, 51, 11, 'n'),
(1112, 51, 12, 'n'),
(1113, 51, 13, 's'),
(1114, 51, 14, 's'),
(1115, 51, 15, 's'),
(1116, 51, 16, 'n'),
(1117, 51, 17, 'n'),
(1118, 51, 18, 's'),
(1119, 51, 19, 's'),
(1120, 51, 20, 's'),
(1121, 51, 21, 's'),
(1122, 51, 22, 's'),
(1123, 52, 1, 'n'),
(1124, 52, 2, 's'),
(1125, 52, 3, 's'),
(1126, 52, 4, 'n'),
(1127, 52, 5, 's'),
(1128, 52, 6, 'n'),
(1129, 52, 7, 'n'),
(1130, 52, 8, 'n'),
(1131, 52, 9, 'n'),
(1132, 52, 10, 'n'),
(1133, 52, 11, 'n'),
(1134, 52, 12, 'n'),
(1135, 52, 13, 'n'),
(1136, 52, 14, 'n'),
(1137, 52, 15, 'n'),
(1138, 52, 16, 'n'),
(1139, 52, 17, 'n'),
(1140, 52, 18, 'n'),
(1141, 52, 19, 'n'),
(1142, 52, 20, 'n'),
(1143, 52, 21, 'n'),
(1144, 52, 22, 'n'),
(1145, 53, 1, 'n'),
(1146, 53, 2, 's'),
(1147, 53, 3, 's'),
(1148, 53, 4, 'n'),
(1149, 53, 5, 's'),
(1150, 53, 6, 'n'),
(1151, 53, 7, 'n'),
(1152, 53, 8, 'n'),
(1153, 53, 9, 's'),
(1154, 53, 10, 's'),
(1155, 53, 11, 's'),
(1156, 53, 12, 'n'),
(1157, 53, 13, 'n'),
(1158, 53, 14, 'n'),
(1159, 53, 15, 'n'),
(1160, 53, 16, 's'),
(1161, 53, 17, 's'),
(1162, 53, 18, 's'),
(1163, 53, 19, 'n'),
(1164, 53, 20, 'n'),
(1165, 53, 21, 'n'),
(1166, 53, 22, 'n'),
(1167, 54, 1, 'n'),
(1168, 54, 2, 'n'),
(1169, 54, 3, 'n'),
(1170, 54, 4, 'n'),
(1171, 54, 5, 'n'),
(1172, 54, 6, 's'),
(1173, 54, 7, 's'),
(1174, 54, 8, 's'),
(1175, 54, 9, 'n'),
(1176, 54, 10, 'n'),
(1177, 54, 11, 's'),
(1178, 54, 12, 's'),
(1179, 54, 13, 'n'),
(1180, 54, 14, 'n'),
(1181, 54, 15, 'n'),
(1182, 54, 16, 'n'),
(1183, 54, 17, 'n'),
(1184, 54, 18, 'n'),
(1185, 54, 19, 'n'),
(1186, 54, 20, 'n'),
(1187, 54, 21, 'n'),
(1188, 54, 22, 'n'),
(1189, 55, 1, 'n'),
(1190, 55, 2, 'n'),
(1191, 55, 3, 'n'),
(1192, 55, 4, 's'),
(1193, 55, 5, 's'),
(1194, 55, 6, 's'),
(1195, 55, 7, 's'),
(1196, 55, 8, 's'),
(1197, 55, 9, 'n'),
(1198, 55, 10, 'n'),
(1199, 55, 11, 'n'),
(1200, 55, 12, 's'),
(1201, 55, 13, 's'),
(1202, 55, 14, 's'),
(1203, 55, 15, 's'),
(1204, 55, 16, 's'),
(1205, 55, 17, 'n'),
(1206, 55, 18, 'n'),
(1207, 55, 19, 'n'),
(1208, 55, 20, 'n'),
(1209, 55, 21, 'n'),
(1210, 55, 22, 'n'),
(1211, 56, 1, 'n'),
(1212, 56, 2, 'n'),
(1213, 56, 3, 'n'),
(1214, 56, 4, 's'),
(1215, 56, 5, 's'),
(1216, 56, 6, 's'),
(1217, 56, 7, 's'),
(1218, 56, 8, 's'),
(1219, 56, 9, 'n'),
(1220, 56, 10, 'n'),
(1221, 56, 11, 'n'),
(1222, 56, 12, 's'),
(1223, 56, 13, 's'),
(1224, 56, 14, 's'),
(1225, 56, 15, 's'),
(1226, 56, 16, 's'),
(1227, 56, 17, 'n'),
(1228, 56, 18, 'n'),
(1229, 56, 19, 'n'),
(1230, 56, 20, 's'),
(1231, 56, 21, 's'),
(1232, 56, 22, 's'),
(1233, 57, 1, 'n'),
(1234, 57, 2, 'n'),
(1235, 57, 3, 'n'),
(1236, 57, 4, 's'),
(1237, 57, 5, 's'),
(1238, 57, 6, 's'),
(1239, 57, 7, 's'),
(1240, 57, 8, 's'),
(1241, 57, 9, 'n'),
(1242, 57, 10, 'n'),
(1243, 57, 11, 'n'),
(1244, 57, 12, 's'),
(1245, 57, 13, 's'),
(1246, 57, 14, 's'),
(1247, 57, 15, 's'),
(1248, 57, 16, 's'),
(1249, 57, 17, 's'),
(1250, 57, 18, 's'),
(1251, 57, 19, 's'),
(1252, 57, 20, 's'),
(1253, 57, 21, 's'),
(1254, 57, 22, 's'),
(1255, 58, 1, 'n'),
(1256, 58, 2, 'n'),
(1257, 58, 3, 'n'),
(1258, 58, 4, 's'),
(1259, 58, 5, 's'),
(1260, 58, 6, 's'),
(1261, 58, 7, 's'),
(1262, 58, 8, 's'),
(1263, 58, 9, 'n'),
(1264, 58, 10, 'n'),
(1265, 58, 11, 'n'),
(1266, 58, 12, 's'),
(1267, 58, 13, 's'),
(1268, 58, 14, 's'),
(1269, 58, 15, 's'),
(1270, 58, 16, 'n'),
(1271, 58, 17, 'n'),
(1272, 58, 18, 'n'),
(1273, 58, 19, 'n'),
(1274, 58, 20, 'n'),
(1275, 58, 21, 'n'),
(1276, 58, 22, 's'),
(1277, 59, 1, 'n'),
(1278, 59, 2, 'n'),
(1279, 59, 3, 'n'),
(1280, 59, 4, 's'),
(1281, 59, 5, 's'),
(1282, 59, 6, 's'),
(1283, 59, 7, 's'),
(1284, 59, 8, 's'),
(1285, 59, 9, 'n'),
(1286, 59, 10, 'n'),
(1287, 59, 11, 'n'),
(1288, 59, 12, 's'),
(1289, 59, 13, 's'),
(1290, 59, 14, 's'),
(1291, 59, 15, 's'),
(1292, 59, 16, 'n'),
(1293, 59, 17, 'n'),
(1294, 59, 18, 'n'),
(1295, 59, 19, 'n'),
(1296, 59, 20, 'n'),
(1297, 59, 21, 'n'),
(1298, 59, 22, 's'),
(1299, 60, 1, 'n'),
(1300, 60, 2, 'n'),
(1301, 60, 3, 'n'),
(1302, 60, 4, 'n'),
(1303, 60, 5, 'n'),
(1304, 60, 6, 'n'),
(1305, 60, 7, 'n'),
(1306, 60, 8, 'n'),
(1307, 60, 9, 'n'),
(1308, 60, 10, 'n'),
(1309, 60, 11, 'n'),
(1310, 60, 12, 'n'),
(1311, 60, 13, 'n'),
(1312, 60, 14, 'n'),
(1313, 60, 15, 'n'),
(1314, 60, 16, 'n'),
(1315, 60, 17, 'n'),
(1316, 60, 18, 'n'),
(1317, 60, 19, 'n'),
(1318, 60, 20, 's'),
(1319, 60, 21, 's'),
(1320, 60, 22, 's'),
(1321, 61, 1, 's'),
(1322, 61, 2, 's'),
(1323, 61, 3, 's'),
(1324, 61, 4, 'n'),
(1325, 61, 5, 'n'),
(1326, 61, 6, 'n'),
(1327, 61, 7, 'n'),
(1328, 61, 8, 'n'),
(1329, 61, 9, 'n'),
(1330, 61, 10, 'n'),
(1331, 61, 11, 'n'),
(1332, 61, 12, 'n'),
(1333, 61, 13, 'n'),
(1334, 61, 14, 'n'),
(1335, 61, 15, 'n'),
(1336, 61, 16, 'n'),
(1337, 61, 17, 'n'),
(1338, 61, 18, 'n'),
(1339, 61, 19, 'n'),
(1340, 61, 20, 'n'),
(1341, 61, 21, 'n'),
(1342, 61, 22, 'n'),
(1343, 62, 1, 'n'),
(1344, 62, 2, 's'),
(1345, 62, 3, 'n'),
(1346, 62, 4, 'n'),
(1347, 62, 5, 'n'),
(1348, 62, 6, 'n'),
(1349, 62, 7, 'n'),
(1350, 62, 8, 'n'),
(1351, 62, 9, 'n'),
(1352, 62, 10, 'n'),
(1353, 62, 11, 'n'),
(1354, 62, 12, 'n'),
(1355, 62, 13, 's'),
(1356, 62, 14, 's'),
(1357, 62, 15, 's'),
(1358, 62, 16, 's'),
(1359, 62, 17, 's'),
(1360, 62, 18, 's'),
(1361, 62, 19, 'n'),
(1362, 62, 20, 'n'),
(1363, 62, 21, 'n'),
(1364, 62, 22, 'n'),
(1365, 63, 1, 's'),
(1366, 63, 2, 's'),
(1367, 63, 3, 'n'),
(1368, 63, 4, 's'),
(1369, 63, 5, 's'),
(1370, 63, 6, 'n'),
(1371, 63, 7, 'n'),
(1372, 63, 8, 's'),
(1373, 63, 9, 's'),
(1374, 63, 10, 'n'),
(1375, 63, 11, 'n'),
(1376, 63, 12, 'n'),
(1377, 63, 13, 's'),
(1378, 63, 14, 's'),
(1379, 63, 15, 's'),
(1380, 63, 16, 's'),
(1381, 63, 17, 's'),
(1382, 63, 18, 's'),
(1383, 63, 19, 'n'),
(1384, 63, 20, 'n'),
(1385, 63, 21, 'n'),
(1386, 63, 22, 'n'),
(1387, 64, 1, 'n'),
(1388, 64, 2, 'n'),
(1389, 64, 3, 'n'),
(1390, 64, 4, 'n'),
(1391, 64, 5, 'n'),
(1392, 64, 6, 'n'),
(1393, 64, 7, 'n'),
(1394, 64, 8, 'n'),
(1395, 64, 9, 'n'),
(1396, 64, 10, 's'),
(1397, 64, 11, 's'),
(1398, 64, 12, 'n'),
(1399, 64, 13, 'n'),
(1400, 64, 14, 'n'),
(1401, 64, 15, 'n'),
(1402, 64, 16, 'n'),
(1403, 64, 17, 'n'),
(1404, 64, 18, 'n'),
(1405, 64, 19, 's'),
(1406, 64, 20, 'n'),
(1407, 64, 21, 's'),
(1408, 64, 22, 's'),
(1409, 65, 1, 'n'),
(1410, 65, 2, 's'),
(1411, 65, 3, 'n'),
(1412, 65, 4, 'n'),
(1413, 65, 5, 'n'),
(1414, 65, 6, 'n'),
(1415, 65, 7, 'n'),
(1416, 65, 8, 's'),
(1417, 65, 9, 's'),
(1418, 65, 10, 's'),
(1419, 65, 11, 's'),
(1420, 65, 12, 'n'),
(1421, 65, 13, 'n'),
(1422, 65, 14, 'n'),
(1423, 65, 15, 's'),
(1424, 65, 16, 's'),
(1425, 65, 17, 's'),
(1426, 65, 18, 'n'),
(1427, 65, 19, 'n'),
(1428, 65, 20, 'n'),
(1429, 65, 21, 'n'),
(1430, 65, 22, 'n'),
(1431, 66, 1, 's'),
(1432, 66, 2, 's'),
(1433, 66, 3, 'n'),
(1434, 66, 4, 's'),
(1435, 66, 5, 's'),
(1436, 66, 6, 'n'),
(1437, 66, 7, 's'),
(1438, 66, 8, 'n'),
(1439, 66, 9, 's'),
(1440, 66, 10, 's'),
(1441, 66, 11, 's'),
(1442, 66, 12, 'n'),
(1443, 66, 13, 's'),
(1444, 66, 14, 'n'),
(1445, 66, 15, 'n'),
(1446, 66, 16, 'n'),
(1447, 66, 17, 'n'),
(1448, 66, 18, 'n'),
(1449, 66, 19, 'n'),
(1450, 66, 20, 'n'),
(1451, 66, 21, 'n'),
(1452, 66, 22, 'n'),
(1453, 67, 1, 's'),
(1454, 67, 2, 's'),
(1455, 67, 3, 'n'),
(1456, 67, 4, 's'),
(1457, 67, 5, 's'),
(1458, 67, 6, 'n'),
(1459, 67, 7, 's'),
(1460, 67, 8, 'n'),
(1461, 67, 9, 's'),
(1462, 67, 10, 's'),
(1463, 67, 11, 's'),
(1464, 67, 12, 'n'),
(1465, 67, 13, 's'),
(1466, 67, 14, 'n'),
(1467, 67, 15, 'n'),
(1468, 67, 16, 's'),
(1469, 67, 17, 's'),
(1470, 67, 18, 's'),
(1471, 67, 19, 's'),
(1472, 67, 20, 's'),
(1473, 67, 21, 'n'),
(1474, 67, 22, 's'),
(1475, 68, 1, 's'),
(1476, 68, 2, 's'),
(1477, 68, 3, 'n'),
(1478, 68, 4, 'n'),
(1479, 68, 5, 'n'),
(1480, 68, 6, 'n'),
(1481, 68, 7, 'n'),
(1482, 68, 8, 'n'),
(1483, 68, 9, 'n'),
(1484, 68, 10, 's'),
(1485, 68, 11, 'n'),
(1486, 68, 12, 's'),
(1487, 68, 13, 's'),
(1488, 68, 14, 'n'),
(1489, 68, 15, 'n'),
(1490, 68, 16, 's'),
(1491, 68, 17, 's'),
(1492, 68, 18, 'n'),
(1493, 68, 19, 'n'),
(1494, 68, 20, 's'),
(1495, 68, 21, 's'),
(1496, 68, 22, 'n'),
(1497, 69, 1, 's'),
(1498, 69, 2, 's'),
(1499, 69, 3, 'n'),
(1500, 69, 4, 's'),
(1501, 69, 5, 's'),
(1502, 69, 6, 's'),
(1503, 69, 7, 'n'),
(1504, 69, 8, 's'),
(1505, 69, 9, 's'),
(1506, 69, 10, 's'),
(1507, 69, 11, 's'),
(1508, 69, 12, 's'),
(1509, 69, 13, 's'),
(1510, 69, 14, 'n'),
(1511, 69, 15, 'n'),
(1512, 69, 16, 's'),
(1513, 69, 17, 's'),
(1514, 69, 18, 'n'),
(1515, 69, 19, 'n'),
(1516, 69, 20, 's'),
(1517, 69, 21, 's'),
(1518, 69, 22, 'n'),
(1519, 70, 1, 'n'),
(1520, 70, 2, 'n'),
(1521, 70, 3, 'n'),
(1522, 70, 4, 'n'),
(1523, 70, 5, 'n'),
(1524, 70, 6, 'n'),
(1525, 70, 7, 'n'),
(1526, 70, 8, 'n'),
(1527, 70, 9, 'n'),
(1528, 70, 10, 'n'),
(1529, 70, 11, 'n'),
(1530, 70, 12, 'n'),
(1531, 70, 13, 'n'),
(1532, 70, 14, 'n'),
(1533, 70, 15, 'n'),
(1534, 70, 16, 'n'),
(1535, 70, 17, 'n'),
(1536, 70, 18, 'n'),
(1537, 70, 19, 'n'),
(1538, 70, 20, 'n'),
(1539, 70, 21, 'n'),
(1540, 70, 22, 's'),
(1541, 71, 1, 'n'),
(1542, 71, 2, 'n'),
(1543, 71, 3, 'n'),
(1544, 71, 4, 'n'),
(1545, 71, 5, 'n'),
(1546, 71, 6, 'n'),
(1547, 71, 7, 'n'),
(1548, 71, 8, 'n'),
(1549, 71, 9, 'n'),
(1550, 71, 10, 'n'),
(1551, 71, 11, 'n'),
(1552, 71, 12, 'n'),
(1553, 71, 13, 'n'),
(1554, 71, 14, 'n'),
(1555, 71, 15, 'n'),
(1556, 71, 16, 'n'),
(1557, 71, 17, 'n'),
(1558, 71, 18, 'n'),
(1559, 71, 19, 's'),
(1560, 71, 20, 's'),
(1561, 71, 21, 's'),
(1562, 71, 22, 's');

-- --------------------------------------------------------

--
-- Estructura de tabla para la tabla `medico`
--

CREATE TABLE `medico` (
  `idmedico` int(11) NOT NULL,
  `apellidos` varchar(50) NOT NULL,
  `nombres` varchar(50) NOT NULL,
  `colegiado` varchar(20) NOT NULL,
  `idusuario` int(11) NOT NULL
) ENGINE=InnoDB DEFAULT CHARSET=utf8 COLLATE=utf8_general_ci;

--
-- Volcado de datos para la tabla `medico`
--

INSERT INTO `medico` (`idmedico`, `apellidos`, `nombres`, `colegiado`, `idusuario`) VALUES
(1, 'Sevillano Colina', 'Arian', '123456', 1);

-- --------------------------------------------------------

--
-- Estructura de tabla para la tabla `paciente`
--

CREATE TABLE `paciente` (
  `idpaciente` int(11) NOT NULL,
  `idmedico` int(11) NOT NULL,
  `apellidos` varchar(50) NOT NULL,
  `nombres` varchar(50) NOT NULL,
  `dni` char(8) NOT NULL,
  `fechahora` datetime NOT NULL,
  `idusuario` int(11) NOT NULL
) ENGINE=InnoDB DEFAULT CHARSET=utf8 COLLATE=utf8_general_ci;

--
-- Volcado de datos para la tabla `paciente`
--

INSERT INTO `paciente` (`idpaciente`, `idmedico`, `apellidos`, `nombres`, `dni`, `fechahora`, `idusuario`) VALUES
(1, 1, 'Caballero Villazana', 'Diego', '12345678', '2021-07-18 00:25:10', 2),
(2, 1, 'Huertas Gonzales', 'Dafne', '78945612', '2025-06-27 18:37:28', 3);

-- --------------------------------------------------------

--
-- Estructura de tabla para la tabla `sintoma`
--

CREATE TABLE `sintoma` (
  `idsintoma` int(11) NOT NULL,
  `sintoma` varchar(200) NOT NULL,
  `estado` char(1) NOT NULL
) ENGINE=InnoDB DEFAULT CHARSET=utf8 COLLATE=utf8_general_ci;

--
-- Volcado de datos para la tabla `sintoma`
--

INSERT INTO `sintoma` (`idsintoma`, `sintoma`, `estado`) VALUES
(1, 'Disnea progresiva', 'a'),
(2, 'Tos', 'a'),
(3, 'Infecciones frecuentes', 'a'),
(4, 'Fiebre', 'a'),
(5, 'Baja de peso', 'a'),
(6, 'Extensas opacidades bilaterales en radiografías y tomografías', 'a'),
(7, 'Síntomas empeoran luego de llegar al trabajo', 'a'),
(8, 'Síntomas mejoran los días libres', 'a'),
(9, 'Síntomas mejoran especialmente en vacaciones', 'a'),
(10, 'Reacción pleural inflamatoria', 'a'),
(11, 'Derrame pleural', 'a'),
(12, 'Tumor de la pleura', 'a'),
(13, 'Cefalea', 'a'),
(14, 'Náuseas', 'a'),
(15, 'Vómitos', 'a'),
(16, 'Fatiga', 'a'),
(17, 'Cansancio', 'a'),
(18, 'Dificultad para dormir', 'a'),
(19, 'Poliglobulia', 'a'),
(20, 'Manifestaciones neuropsiquiátricas', 'a'),
(21, 'Hiperviscosidad', 'a'),
(22, 'Hipertensión pulmonar', 'a');

-- --------------------------------------------------------

--
-- Estructura de tabla para la tabla `usuario`
--

CREATE TABLE `usuario` (
  `idusuario` int(11) NOT NULL,
  `usuario` varchar(50) NOT NULL,
  `clave` varchar(100) NOT NULL,
  `rol` char(1) NOT NULL,
  `estado` char(1) NOT NULL
) ENGINE=InnoDB DEFAULT CHARSET=utf8 COLLATE=utf8_general_ci;

--
-- Volcado de datos para la tabla `usuario`
--

INSERT INTO `usuario` (`idusuario`, `usuario`, `clave`, `rol`, `estado`) VALUES
(1, 'asevillano', '202cb962ac59075b964b07152d234b70', 'm', 'a'),
(2, 'dcaballero', '202cb962ac59075b964b07152d234b70', 'p', 'a'),
(3, 'dhuertas', 'fc9a84bbcfbd7dfb94a1a4a6f24953ba', 'p', 'a');

--
-- Índices para tablas volcadas
--

--
-- Indices de la tabla `atencion`
--
ALTER TABLE `atencion`
  ADD PRIMARY KEY (`idatencion`);

--
-- Indices de la tabla `atencion_sintoma`
--
ALTER TABLE `atencion_sintoma`
  ADD PRIMARY KEY (`idatencionsintoma`);

--
-- Indices de la tabla `medico`
--
ALTER TABLE `medico`
  ADD PRIMARY KEY (`idmedico`);

--
-- Indices de la tabla `paciente`
--
ALTER TABLE `paciente`
  ADD PRIMARY KEY (`idpaciente`);

--
-- Indices de la tabla `sintoma`
--
ALTER TABLE `sintoma`
  ADD PRIMARY KEY (`idsintoma`);

--
-- Indices de la tabla `usuario`
--
ALTER TABLE `usuario`
  ADD PRIMARY KEY (`idusuario`);

--
-- AUTO_INCREMENT de las tablas volcadas
--

--
-- AUTO_INCREMENT de la tabla `atencion`
--
ALTER TABLE `atencion`
  MODIFY `idatencion` int(11) NOT NULL AUTO_INCREMENT, AUTO_INCREMENT=72;

--
-- AUTO_INCREMENT de la tabla `atencion_sintoma`
--
ALTER TABLE `atencion_sintoma`
  MODIFY `idatencionsintoma` int(11) NOT NULL AUTO_INCREMENT, AUTO_INCREMENT=1563;

--
-- AUTO_INCREMENT de la tabla `medico`
--
ALTER TABLE `medico`
  MODIFY `idmedico` int(11) NOT NULL AUTO_INCREMENT, AUTO_INCREMENT=2;

--
-- AUTO_INCREMENT de la tabla `paciente`
--
ALTER TABLE `paciente`
  MODIFY `idpaciente` int(11) NOT NULL AUTO_INCREMENT, AUTO_INCREMENT=3;

--
-- AUTO_INCREMENT de la tabla `sintoma`
--
ALTER TABLE `sintoma`
  MODIFY `idsintoma` int(11) NOT NULL AUTO_INCREMENT, AUTO_INCREMENT=23;

--
-- AUTO_INCREMENT de la tabla `usuario`
--
ALTER TABLE `usuario`
  MODIFY `idusuario` int(11) NOT NULL AUTO_INCREMENT, AUTO_INCREMENT=4;
COMMIT;

/*!40101 SET CHARACTER_SET_CLIENT=@OLD_CHARACTER_SET_CLIENT */;
/*!40101 SET CHARACTER_SET_RESULTS=@OLD_CHARACTER_SET_RESULTS */;
/*!40101 SET COLLATION_CONNECTION=@OLD_COLLATION_CONNECTION */;
